"Player","Tm","Salary","Cap.Hit"
"Anze Kopitar","LAK","14,000,000","10,000,000"
"Jonathan Toews","CHI","13,800,000","10,500,000"
"Patrick Kane","CHI","13,800,000","10,500,000"
"Shea Weber","MTL","12,000,000","7,857,142"
"P.K. Subban","NSH","11,000,000","9,000,000"
"Ryan O'Reilly","BUF","11,000,000","7,500,000"
"Sidney Crosby","PIT","10,900,000","8,700,000"
"Corey Perry","ANA","10,000,000","8,625,000"
"Alex Ovechkin","WSH","10,000,000","9,538,461"
"Jakub Voracek","PHI","10,000,000","8,250,000"
"Evgeni Malkin","PIT","9,500,000","9,500,000"
"Henrik Lundqvist","NYR","9,500,000","8,500,000"
"Ryan Getzlaf","ANA","9,250,000","8,250,000"
"Zach Parise","MIN","9,000,000","7,538,461"
"Ryan Suter","MIN","9,000,000","7,538,461"
"Brent Seabrook","CHI","9,000,000","6,875,000"
"Claude Giroux","PHI","9,000,000","8,275,000"
"Sergei Bobrovsky","CBJ","8,500,000","7,425,000"
"Patrice Bergeron","BOS","8,250,000","6,875,000"
"Andrew Ladd","NYI","8,000,000","5,500,000"
"Vladimir Tarasenko","STL","8,000,000","7,500,000"
"Kyle Okposo","BUF","8,000,000","6,000,000"
"David Backes","BOS","8,000,000","6,000,000"
"Derek Stepan","NYR","8,000,000","6,500,000"
"Loui Eriksson","VAN","8,000,000","6,000,000"
"Milan Lucic","EDM","8,000,000","6,000,000"
"Dustin Byfuglien","WPG","8,000,000","7,600,000"
"Rick Nash","NYR","8,000,000","7,800,000"
"Ryan Kesler","ANA","7,875,000","6,875,000"
"Phil Kessel","PIT","7,800,000","6,800,000"
"Dion Phaneuf","OTT","7,500,000","7,000,000"
"Tuukka Rask","BOS","7,500,000","7,000,000"
"Keith Yandle","FLA","7,500,000","6,350,000"
"Jason Spezza","DAL","7,500,000","7,500,000"
"Henrik Zetterberg","DET","7,500,000","6,083,333"
"Drew Doughty","LAK","7,450,000","7,000,000"
"Kris Letang","PIT","7,250,000","7,250,000"
"David Krejci","BOS","7,250,000","7,250,000"
"Bobby Ryan","OTT","7,250,000","7,250,000"
"Carey Price","MTL","7,000,000","6,500,000"
"Johnny Boychuk","NYI","7,000,000","6,000,000"
"Alex Pietrangelo","STL","7,000,000","6,500,000"
"Braden Holtby","WSH","7,000,000","6,100,000"
"Jeff Petry","MTL","7,000,000","5,500,000"
"Erik Karlsson","OTT","7,000,000","6,500,000"
"Dustin Brown","LAK","7,000,000","5,875,000"
"Daniel Sedin","VAN","7,000,000","7,000,000"
"Tomas Plekanec","MTL","7,000,000","6,000,000"
"Nicklas Backstrom","WSH","7,000,000","6,700,000"
"Paul Stastny","STL","7,000,000","7,000,000"
"Pekka Rinne","NSH","7,000,000","7,000,000"
"Jonathan Quick","LAK","7,000,000","5,800,000"
"Jeff Carter","LAK","7,000,000","5,272,727"
"Henrik Sedin","VAN","7,000,000","7,000,000"
"Joe Thornton","SJS","6,750,000","6,750,000"
"Mark Giordano","CGY","6,750,000","6,750,000"
"Anders Steen","STL","6,500,000","5,800,000"
"Travis Zajac","NJD","6,500,000","5,750,000"
"Patrick Marleau","SJS","6,500,000","6,666,666"
"Andrej Sekera","EDM","6,500,000","5,500,000"
"Ryan Callahan","TBL","6,500,000","5,800,000"
"Sean Monahan","CGY","6,500,000","6,375,000"
"Mike Smith","ARI","6,500,000","5,666,666"
"Jason Pominville","MIN","6,250,000","5,600,000"
"Marian Gaborik","LAK","6,075,000","4,875,000"
"Ryan Miller","VAN","6,000,000","6,000,000"
"Alexander Edler","VAN","6,000,000","5,000,000"
"Filip Forsberg","NSH","6,000,000","6,000,000"
"Matt Duchene","COL","6,000,000","6,000,000"
"Duncan Keith","CHI","6,000,000","5,538,461"
"Jordan Staal","CAR","6,000,000","6,000,000"
"Frans Nielsen","DET","6,000,000","5,250,000"
"Oliver Ekman-Larsson","ARI","6,000,000","5,500,000"
"Joe Pavelski","SJS","6,000,000","6,000,000"
"Semyon Varlamov","COL","6,000,000","5,900,000"
"Erik Johnson","COL","6,000,000","6,000,000"
"Kari Lehtonen","DAL","6,000,000","5,900,000"
"Dan Girardi","NYR","6,000,000","5,500,000"
"Jordan Eberle","EDM","6,000,000","6,000,000"
"John Tavares","NYI","6,000,000","5,500,000"
"Evander Kane","BUF","6,000,000","5,250,000"
"Jeff Skinner","CAR","6,000,000","5,725,000"
"Mike Green","DET","6,000,000","6,000,000"
"Tyler Seguin","DAL","6,000,000","5,750,000"
"Corey Crawford","CHI","6,000,000","6,000,000"
"Brayden Schenn","PHI","6,000,000","5,125,000"
"Taylor Hall","NJD","6,000,000","6,000,000"
"Ryan Johansen","NSH","6,000,000","4,000,000"
"Logan Couture","SJS","6,000,000","6,000,000"
"Cory Schneider","NJD","6,000,000","6,000,000"
"Dennis Wideman","CGY","6,000,000","5,250,000"
"Ryan Nugent-Hopkins","EDM","6,000,000","6,000,000"
"Roberto Luongo","FLA","5,914,000","4,533,333"
"Brandon Dubinsky","CBJ","5,850,000","5,850,000"
"Blake Wheeler","WPG","5,800,000","5,600,000"
"Brent Burns","SJS","5,760,000","5,760,000"
"Jamie Benn","DAL","5,750,000","5,250,000"
"Brandon Saad","CBJ","5,750,000","6,000,000"
"Marc-Andre Fleury","PIT","5,750,000","5,750,000"
"Matt Niskanen","WSH","5,750,000","5,750,000"
"Artem Anisimov","CHI","5,750,000","4,550,000"
"Toby Enstrom","WPG","5,750,000","5,750,000"
"Alexander Radulov","MTL","5,750,000","5,750,000"
"Marc Staal","NYR","5,700,000","5,700,000"
"Jay Bouwmeester","STL","5,600,000","5,400,000"
"Nick Foligno","CBJ","5,500,000","5,500,000"
"Justin Abdelkader","DET","5,500,000","4,250,000"
"Jason Demers","FLA","5,500,000","4,500,000"
"Dougie Hamilton","CGY","5,500,000","5,750,000"
"Niklas Kronwall","DET","5,500,000","4,750,000"
"Gabriel Landeskog","COL","5,500,000","5,571,428"
"Brooks Orpik","WSH","5,500,000","5,500,000"
"Andrew Shaw","MTL","5,500,000","3,900,000"
"Justin Faulk","CAR","5,500,000","4,833,333"
"Rasmus Ristolainen","BUF","5,400,000","5,400,000"
"Mikko Koivu","MIN","5,400,000","6,750,000"
"Seth Jones","CBJ","5,400,000","5,400,000"
"Alex Goligoski","ARI","5,375,000","5,475,000"
"Jaden Schwartz","STL","5,250,000","5,350,000"
"Zach Bogosian","BUF","5,250,000","5,142,857"
"Paul Martin","SJS","5,000,000","4,850,000"
"Matt Moulson","BUF","5,000,000","5,000,000"
"James van Riemsdyk","TOR","5,000,000","4,250,000"
"Morgan Rielly","TOR","5,000,000","5,000,000"
"Valtteri Filppula","PHI","5,000,000","5,000,000"
"Sami Vatanen","ANA","5,000,000","4,875,000"
"Patrick Sharp","DAL","5,000,000","5,900,000"
"Bryan Little","WPG","5,000,000","4,700,000"
"Derick Brassard","OTT","5,000,000","5,000,000"
"Jack Johnson","CBJ","5,000,000","4,357,142"
"Torey Krug","BOS","5,000,000","5,250,000"
"Andy Greene","NJD","5,000,000","5,000,000"
"Devan Dubnyk","MIN","5,000,000","4,333,333"
"Max Pacioretty","MTL","5,000,000","4,500,000"
"Mark Scheifele","WPG","5,000,000","6,125,000"
"Mikhail Grabovski","NYI","5,000,000","5,000,000"
"James Neal","NSH","5,000,000","5,000,000"
"Scott Hartnell","CBJ","5,000,000","4,750,000"
"Darren Helm","DET","5,000,000","3,850,000"
"Nazem Kadri","TOR","5,000,000","4,500,000"
"Mike Cammalleri","NJD","5,000,000","5,000,000"
"Frederik Andersen","TOR","5,000,000","5,000,000"
"Brad Marchand","BOS","5,000,000","4,500,000"
"Nathan MacKinnon","COL","5,000,000","6,300,000"
"Mikkel Boedker","SJS","5,000,000","4,000,000"
"Michael Frolik","CGY","5,000,000","4,300,000"
"Chris Kreider","NYR","5,000,000","4,625,000"
"Tyson Barrie","COL","5,000,000","5,500,000"
"Ryan McDonagh","NYR","5,000,000","4,700,000"
"Zdeno Chara","BOS","5,000,000","6,916,667"
"Marc Methot","OTT","4,900,000","4,900,000"
"Travis Hamonic","NYI","4,875,000","3,857,142"
"Ryane Clowe","NJD","4,850,000","4,850,000"
"T.J. Brodie","CGY","4,838,000","4,650,400"
"Ben Bishop","LAK","4,760,000","4,760,000"
"Carl Soderberg","COL","4,750,000","4,750,000"
"Ondrej Pavelec","WPG","4,750,000","3,900,000"
"Patric Hornqvist","PIT","4,750,000","4,250,000"
"Craig Anderson","OTT","4,750,000","4,200,000"
"Andrew MacDonald","PHI","4,750,000","5,000,000"
"Bryan Bickell","CAR","4,500,000","4,000,000"
"Dmitry Kulikov","BUF","4,500,000","4,333,333"
"Mats Zuccarello","NYR","4,500,000","4,500,000"
"Brendan Gallagher","MTL","4,500,000","3,750,000"
"Francois Beauchemin","COL","4,500,000","4,500,000"
"Troy Brouwer","CGY","4,500,000","4,500,000"
"Dan Hamhuis","DAL","4,500,000","3,750,000"
"T.J. Oshie","WSH","4,500,000","4,175,000"
"Adam Henrique","NJD","4,500,000","4,000,000"
"Tyler Bozak","TOR","4,500,000","4,200,000"
"Kyle Palmieri","NJD","4,500,000","4,650,000"
"Nick Leddy","NYI","4,500,000","5,500,000"
"Aleksander Barkov","FLA","4,500,000","5,900,000"
"Clarke MacArthur","OTT","4,500,000","4,650,000"
"James Reimer","FLA","4,500,000","3,400,000"
"Anton Stralman","TBL","4,500,000","4,500,000"
"Antti Niemi","DAL","4,500,000","4,500,000"
"Alex Killorn","TBL","4,450,000","4,450,000"
"Jori Lehtera","STL","4,400,000","4,700,000"
"Drew Stafford","BOS","4,350,000","4,350,000"
"Wayne Simmonds","PHI","4,300,000","3,975,000"
"Marcus Johansson","WSH","4,250,000","4,583,333"
"Roman Josi","NSH","4,250,000","4,000,000"
"Nikita Kucherov","TBL","4,250,000","4,766,666"
"Victor Hedman","TBL","4,250,000","4,000,000"
"Marc-Edouard Vlasic","SJS","4,250,000","4,250,000"
"Gustav Nyquist","DET","4,250,000","4,750,000"
"Jared Spurgeon","MIN","4,250,000","5,187,500"
"Brandon Sutter","VAN","4,250,000","4,375,000"
"Lars Eller","WSH","4,250,000","3,500,000"
"Nikolai Kulemin","NYI","4,250,000","4,187,500"
"Jonathan Ericsson","DET","4,250,000","4,250,000"
"Andrei Markov","MTL","4,250,000","5,750,000"
"Alexei Emelin","MTL","4,200,000","4,100,000"
"Cam Talbot","EDM","4,150,000","4,166,666"
"Jonathan Bernier","ANA","4,150,000","4,150,000"
"Nick Bjugstad","FLA","4,100,000","4,100,000"
"Niklas Hjalmarsson","CHI","4,100,000","4,100,000"
"Steve Mason","PHI","4,100,000","4,100,000"
"Olli Maatta","PIT","4,083,000","4,083,333"
"Jake Gardiner","TOR","4,050,000","4,050,000"
"Jaromir Jagr","FLA","4,000,000","4,000,000"
"Michael Del Zotto","PHI","4,000,000","3,875,000"
"Tyler Johnson","TBL","4,000,000","3,333,333"
"Marian Hossa","CHI","4,000,000","5,275,000"
"Danny DeKeyser","DET","4,000,000","5,000,000"
"Kevin Bieksa","ANA","4,000,000","4,000,000"
"Jonas Brodin","MIN","4,000,000","4,166,666"
"John Carlson","WSH","4,000,000","3,966,666"
"Colin Wilson","NSH","4,000,000","3,937,500"
"Jonathan Huberdeau","FLA","4,000,000","3,250,000"
"Tyler Myers","WPG","4,000,000","5,500,000"
"Ladislav Smid","CGY","4,000,000","3,500,000"
"Craig Smith","NSH","4,000,000","4,250,000"
"Jussi Jokinen","FLA","4,000,000","4,000,000"
"Radko Gudas","PHI","4,000,000","3,350,000"
"Ondrej Palat","TBL","4,000,000","3,333,333"
"Victor Rask","CAR","4,000,000","4,000,000"
"Matt Read","PHI","4,000,000","3,625,000"
"Ales Hemsky","DAL","4,000,000","4,000,000"
"Jake Muzzin","LAK","4,000,000","4,000,000"
"Matt Beleskey","BOS","4,000,000","3,800,000"
"Kyle Turris","OTT","4,000,000","3,500,000"
"Cam Fowler","ANA","4,000,000","4,000,000"
"Benoit Pouliot","EDM","4,000,000","4,000,000"
"Mike Fisher","NSH","4,000,000","4,400,000"
"Alec Martinez","LAK","3,900,000","4,000,000"
"Josh Gorges","BUF","3,900,000","3,900,000"
"Tyler Toffoli","LAK","3,900,000","3,250,000"
"Shane Doan","ARI","3,876,134","3,876,134"
"Cody Eakin","DAL","3,850,000","3,850,000"
"Petr Mrazek","DET","3,850,000","4,000,000"
"Rickard Rakell","ANA","3,800,000","3,800,000"
"Justin Braun","SJS","3,800,000","3,800,000"
"Mike Hoffman","OTT","3,800,000","5,187,500"
"Mark Stone","OTT","3,750,000","3,500,000"
"Vincent Trocheck","FLA","3,750,000","4,750,000"
"David Perron","STL","3,750,000","3,750,000"
"Johnny Gaudreau","CGY","3,750,000","6,750,000"
"Marco Scandella","MIN","3,750,000","4,000,000"
"Sean Couturier","PHI","3,750,000","4,333,333"
"Josh Bailey","NYI","3,700,000","3,300,000"
"Braydon Coburn","TBL","3,700,000","3,700,000"
"Patrik Berglund","STL","3,700,000","3,700,000"
"Carl Hagelin","PIT","3,667,000","4,000,000"
"Tyler Ennis","BUF","3,650,000","4,600,000"
"Jason Garrison","TBL","3,600,000","4,600,000"
"Brad Stuart","COL","3,600,000","3,600,000"
"Luca Sbisa","VAN","3,600,000","3,600,000"
"Mikael Backlund","CGY","3,575,000","3,575,000"
"Chris Kunitz","PIT","3,550,000","3,850,000"
"Kevin Shattenkirk","WSH","3,542,500","2,592,500"
"Anders Lee","NYI","3,500,000","3,750,000"
"Erik Gudbranson","VAN","3,500,000","3,500,000"
"Matt Martin","TOR","3,500,000","2,500,000"
"Chris Tanev","VAN","3,500,000","4,450,000"
"Eric Staal","MIN","3,500,000","3,500,000"
"Cal Clutterbuck","NYI","3,500,000","2,750,000"
"David Savard","CBJ","3,500,000","4,250,000"
"James Wisniewski","CAR","3,500,000","3,500,000"
"Reilly Smith","FLA","3,500,000","3,425,000"
"Cam Ward","CAR","3,500,000","3,300,000"
"Cam Atkinson","CBJ","3,500,000","3,500,000"
"Marcus Kruger","CHI","3,475,000","3,083,333"
"Evgeny Kuznetsov","WSH","3,400,000","3,000,000"
"Joel Ward","SJS","3,275,000","3,275,000"
"Mika Zibanejad","NYR","3,250,000","2,625,000"
"Justin Williams","WSH","3,250,000","3,250,000"
"Clayton Stoner","ANA","3,250,000","3,250,000"
"Brendan Smith","NYR","3,250,000","2,750,000"
"Brian Gionta","BUF","3,250,000","4,250,000"
"Mikael Granlund","MIN","3,200,000","3,000,000"
"Robin Lehner","BUF","3,150,000","2,225,000"
"Andrew Cogliano","ANA","3,100,000","3,000,000"
"Alex Galchenyuk","MTL","3,100,000","2,800,000"
"Kris Russell","EDM","3,100,000","3,100,000"
"Martin Jones","SJS","3,000,000","3,000,000"
"Alexandre Burrows","OTT","3,000,000","4,500,000"
"Adam Larsson","EDM","3,000,000","4,166,666"
"Mattias Ekholm","NSH","3,000,000","3,750,000"
"Jamie McGinn","ARI","3,000,000","3,333,333"
"Matt Stajan","CGY","3,000,000","3,125,000"
"Mathieu Perreault","WPG","3,000,000","3,000,000"
"Adam McQuaid","BOS","3,000,000","2,750,000"
"Hampus Lindholm","ANA","3,000,000","5,250,000"
"Jakob Silfverberg","ANA","3,000,000","3,750,000"
"Oscar Klefbom","EDM","3,000,000","4,167,000"
"Leo Komarov","TOR","2,950,000","2,950,000"
"Carl Gunnarsson","STL","2,900,000","2,900,000"
"Boone Jenner","CBJ","2,900,000","2,900,000"
"Ryan Murray","CBJ","2,825,000","2,825,000"
"David Desharnais","EDM","2,800,000","2,800,000"
"Tomas Hertl","SJS","2,800,000","3,000,000"
"Karl Alzner","WSH","2,800,000","2,800,000"
"Tomas Tatar","DET","2,750,000","2,750,000"
"Brenden Dillon","SJS","2,750,000","3,270,000"
"Kevin Klein","NYR","2,750,000","2,900,000"
"Dale Weise","PHI","2,750,000","2,350,000"
"J.T. Miller","NYR","2,750,000","2,750,000"
"Deryk Engelland","CGY","2,750,000","2,916,666"
"John Klingberg","DAL","2,750,000","4,250,000"
"Trevor Daley","PIT","2,700,000","3,300,000"
"Mark Stuart","WPG","2,700,000","2,625,000"
"Brian Elliott","CGY","2,700,000","2,500,000"
"Nino Niederreiter","MIN","2,666,666","2,666,666"
"Cody Franson","BUF","2,650,000","3,325,000"
"Jakub Kindl","FLA","2,640,000","2,040,000"
"Kevin Hayes","NYR","2,600,000","2,600,000"
"Charlie Coyle","MIN","2,600,000","3,200,000"
"Dmitry Orlov","WSH","2,570,000","2,570,000"
"Mark Streit","TBL","2,501,625","2,501,625"
"Jannik Hansen","SJS","2,500,000","2,000,000"
"Brock Nelson","NYI","2,500,000","2,500,000"
"Jarome Iginla","COL","2,500,000","2,666,666"
"Jarome Iginla","LAK","2,500,000","2,666,667"
"Nail Yakupov","STL","2,500,000","2,500,000"
"Kevan Miller","BOS","2,500,000","2,500,000"
"Lee Stempniak","CAR","2,500,000","2,500,000"
"Eddie Lack","CAR","2,500,000","2,750,000"
"Matt Greene","LAK","2,500,000","2,500,000"
"Joe Colborne","COL","2,500,000","2,500,000"
"David Schlemko","SJS","2,500,000","2,100,000"
"Casey Cizikas","NYI","2,500,000","3,350,000"
"Jake Allen","STL","2,500,000","2,350,000"
"Jacob Trouba","WPG","2,500,000","3,000,000"
"Ben Lovejoy","NJD","2,500,000","2,666,666"
"Calvin de Haan","NYI","2,500,000","1,966,667"
"Elias Lindholm","CAR","2,500,000","2,700,000"
"Ryan Ellis","NSH","2,500,000","2,500,000"
"Jimmy Hayes","BOS","2,400,000","2,300,000"
"Connor Murphy","ARI","2,400,000","3,850,000"
"Blake Comeau","COL","2,400,000","2,400,000"
"Mathew Dumba","MIN","2,350,000","2,550,000"
"Zack Smith","OTT","2,350,000","1,887,500"
"Michael Raffl","PHI","2,350,000","2,350,000"
"Alexander Semin","CAR","2,333,333","2,333,333"
"Ian Cole","PIT","2,300,000","2,100,000"
"Roman Polak","TOR","2,250,000","2,250,000"
"Cody Ceci","OTT","2,250,000","2,800,000"
"Marcus Foligno","BUF","2,250,000","2,250,000"
"Thomas Hickey","NYI","2,250,000","2,200,000"
"Brad Richardson","ARI","2,250,000","2,083,333"
"Nick Schultz","PHI","2,250,000","2,250,000"
"Lance Bouma","CGY","2,200,000","2,200,000"
"Antoine Roussel","DAL","2,200,000","2,000,000"
"Matt Calvert","CBJ","2,200,000","2,200,000"
"Shawn Matthias","WPG","2,125,000","2,125,000"
"Nick Bonino","PIT","2,100,000","1,900,000"
"Riley Sheahan","DET","2,075,000","2,075,000"
"Tobias Rieder","ARI","2,000,000","2,225,000"
"Michael Stone","CGY","2,000,000","2,000,000"
"Eric Fehr","TOR","2,000,000","2,000,000"
"Jason Zucker","MIN","2,000,000","2,000,000"
"Ryan Strome","NYI","2,000,000","2,500,000"
"Trevor Lewis","LAK","2,000,000","2,000,000"
"Thomas Greiss","NYI","2,000,000","1,500,000"
"John-Michael Liles","BOS","2,000,000","2,000,000"
"Fedor Tyutin","COL","2,000,000","2,000,000"
"Michael Stone","ARI","2,000,000","2,000,000"
"Brian Boyle","TOR","2,000,000","2,000,000"
"Jiri Hudler","DAL","2,000,000","2,000,000"
"Jason Chimera","NYI","2,000,000","2,250,000"
"Dwight King","MTL","1,950,000","1,950,000"
"John Mitchell","COL","1,900,000","1,800,000"
"Vladislav Namestnikov","TBL","1,900,000","1,937,500"
"Johnny Oduya","CHI","1,875,000","1,875,000"
"Johnny Oduya","DAL","1,875,000","1,875,000"
"Tommy Wingels","OTT","1,857,500","1,732,500"
"Melker Karlsson","SJS","1,850,000","1,650,000"
"Matt Hendricks","EDM","1,850,000","1,850,000"
"Matt Carle","TBL","1,833,333","1,833,333"
"Mark Letestu","EDM","1,800,000","1,800,000"
"Jay Beagle","WSH","1,750,000","1,750,000"
"Michal Neuvirth","PHI","1,750,000","1,625,000"
"Martin Hanzal","ARI","1,750,000","1,550,000"
"John Moore","NJD","1,750,000","1,666,666"
"Tom Wilson","WSH","1,750,000","2,000,000"
"Martin Hanzal","MIN","1,750,000","1,550,000"
"Antoine Vermette","ANA","1,750,000","1,750,000"
"Sven Baertschi","VAN","1,700,000","1,850,000"
"Calle Jarnkrok","NSH","1,700,000","2,000,000"
"Chad Johnson","CGY","1,700,000","1,700,000"
"Kevin Shattenkirk","STL","1,657,500","1,657,500"
"Eric Gelinas","COL","1,650,000","1,575,000"
"Nick Holden","NYR","1,650,000","1,650,000"
"Michael Grabner","NYR","1,650,000","1,650,000"
"Andrej Sustr","TBL","1,600,000","1,450,000"
"Jacob Markstrom","VAN","1,600,000","1,550,000"
"R.J. Umberger","PHI","1,600,000","1,600,000"
"Brayden McNabb","LAK","1,600,000","1,700,000"
"Alexander Burmistrov","ARI","1,600,000","1,550,000"
"Mike Richards","LAK","1,570,000","1,570,000"
"Tanner Pearson","LAK","1,550,000","1,400,000"
"Darcy Kuemper","MIN","1,550,000","1,550,000"
"Zack Kassian","EDM","1,500,000","1,500,000"
"John Gibson","ANA","1,500,000","2,300,000"
"Daniel Winnik","WSH","1,500,000","2,250,000"
"Thomas Vanek","MIN","1,500,000","1,500,000"
"Chris Neil","OTT","1,500,000","1,500,000"
"Brian Campbell","CHI","1,500,000","1,500,000"
"Patrick Maroon","EDM","1,500,000","1,500,000"
"Viktor Stalberg","OTT","1,500,000","1,500,000"
"Mike Ribeiro","ARI","1,444,444","1,444,444"
"Justin Schultz","PIT","1,400,000","1,400,000"
"Andrew Hammond","OTT","1,350,000","1,350,000"
"P.A. Parenteau","MTL","1,333,333","1,333,333"
"Paul Byron","MTL","1,300,000","1,166,666"
"Derek MacKenzie","FLA","1,300,000","1,300,000"
"Brandon Davidson","MTL","1,300,000","1,425,000"
"Peter Holland","ARI","1,300,000","1,300,000"
"Alexey Marchenko","TOR","1,300,000","1,450,000"
"Thomas Vanek","DET","1,300,000","1,300,000"
"Torrey Mitchell","MTL","1,300,000","1,200,000"
"Thomas Vanek","FLA","1,300,000","1,300,000"
"Mikhail Grigorenko","COL","1,300,000","1,300,000"
"Mark Streit","PIT","1,251,625","1,761,375"
"Kyle Clifford","LAK","1,250,000","1,600,000"
"Antoine Vermette","ARI","1,250,000","1,250,000"
"Mark Pysyk","FLA","1,250,000","1,125,000"
"P.A. Parenteau","NSH","1,250,000","1,250,000"
"Carter Hutton","STL","1,250,000","1,125,000"
"Vernon Fiddler","NJD","1,250,000","1,250,000"
"J.T. Brown","TBL","1,250,000","1,250,000"
"Jake McCabe","BUF","1,250,000","1,600,000"
"Ron Hainsey","PIT","1,250,000","1,416,667"
"Kyle Quincey","CBJ","1,250,000","1,250,000"
"Dalton Prout","NJD","1,250,000","1,575,000"
"Ron Hainsey","CAR","1,250,000","1,416,666"
"Joakim Nordstrom","CAR","1,250,000","1,275,000"
"Devante Smith-Pelly","NJD","1,250,000","1,300,000"
"Fedor Tyutin","CBJ","1,208,333","1,208,333"
"Chris Stewart","MIN","1,200,000","1,150,000"
"Matt Hunwick","TOR","1,200,000","1,200,000"
"Alex Petrovic","FLA","1,200,000","1,050,000"
"Phil Kessel","TOR","1,200,000","1,200,000"
"Chris Thorburn","WPG","1,200,000","1,200,000"
"Anton Khudobin","BOS","1,200,000","1,200,000"
"Martin Marincin","TOR","1,200,000","1,250,000"
"Ben Bishop","TBL","1,190,000","1,190,000"
"Dennis Seidenberg","BOS","1,166,666","1,166,666"
"Zemgus Girgensons","BUF","1,150,000","1,150,000"
"Ryan Reaves","STL","1,125,000","1,125,000"
"Tom Gilbert","WSH","1,120,000","1,120,000"
"Jean-Gabriel Pageau","OTT","1,100,000","900,000"
"Jay McClement","CAR","1,100,000","1,200,000"
"Brandon Pirri","NYR","1,100,000","1,100,000"
"Jordie Benn","MTL","1,100,000","1,100,000"
"Mark Borowiecki","OTT","1,100,000","1,100,000"
"Jacob Josefson","NJD","1,100,000","1,100,000"
"Stephen Weiss","DET","1,066,666","1,066,666"
"Erik Haula","MIN","1,050,000","1,000,000"
"Mason Raymond","CGY","1,050,000","1,050,000"
"Robert Bortuzzo","STL","1,050,000","1,050,000"
"Philip Larsen","VAN","1,025,000","1,025,000"
"Ryan White","MIN","1,000,000","1,000,000"
"Adam Lowry","WPG","1,000,000","1,125,000"
"Dmitrij Jaskin","STL","1,000,000","1,000,000"
"Jonathon Merrill","NJD","1,000,000","1,137,500"
"Nathan Beaulieu","MTL","1,000,000","1,000,000"
"Patrick Eaves","ANA","1,000,000","1,000,000"
"Anders Nilsson","BUF","1,000,000","1,000,000"
"Matt Cullen","PIT","1,000,000","1,000,000"
"William Karlsson","CBJ","1,000,000","1,000,000"
"Dennis Seidenberg","NYI","1,000,000","1,000,000"
"Louis Domingue","ARI","1,000,000","1,050,000"
"Kyle Brodziak","STL","1,000,000","950,000"
"Luke Schenn","ARI","1,000,000","1,250,000"
"Matt Cooke","MIN","1,000,000","1,000,000"
"Lauri Korpikoski","CBJ","1,000,000","1,000,000"
"Radim Vrbata","ARI","1,000,000","1,000,000"
"Cody McCormick","BUF","1,000,000","1,500,000"
"Jesper Fast","NYR","1,000,000","950,000"
"Michael Hutchinson","WPG","1,000,000","1,150,000"
"Antti Raanta","NYR","1,000,000","1,000,000"
"Kevin Connauton","ARI","950,000","1,000,000"
"Eric Gryba","EDM","950,000","950,000"
"Brandon Manning","PHI","950,000","975,000"
"Brian Flynn","MTL","950,000","950,000"
"Ryan Spooner","BOS","950,000","950,000"
"Al Montoya","MTL","950,000","950,000"
"Kris Versteeg","CGY","950,000","950,000"
"Colton Sceviour","FLA","950,000","950,000"
"Johan Larsson","BUF","950,000","950,000"
"Anton Rodin","VAN","950,000","950,000"
"Tomas Jurco","CHI","950,000","900,000"
"Jordan Nolan","LAK","950,000","950,000"
"Brandon Montour","ANA","925,000","925,000"
"Aaron Ekblad","FLA","925,000","925,000"
"Mitch Marner","TOR","925,000","894,166"
"Zach Werenski","CBJ","925,000","925,000"
"Nick Ritchie","ANA","925,000","894,166"
"Brendan Perlini","ARI","925,000","863,333"
"Jack Eichel","BUF","925,000","925,000"
"Brock Boeser","VAN","925,000","925,000"
"Ben Hutton","VAN","925,000","896,250"
"Artemi Panarin","CHI","925,000","812,500"
"Alexander Wennberg","CBJ","925,000","925,000"
"Miles Wood","NJD","925,000","925,000"
"Ivan Provorov","PHI","925,000","894,166"
"Nikolaj Ehlers","WPG","925,000","894,166"
"Tyson Jost","COL","925,000","925,000"
"Troy Stecher","VAN","925,000","925,000"
"Travis Konecny","PHI","925,000","894,166"
"Pavel Buchnevich","NYR","925,000","925,000"
"Noah Hanifin","CAR","925,000","925,000"
"Paul Ladue","LAK","925,000","925,000"
"Leon Draisaitl","EDM","925,000","925,000"
"Colton Parayko","STL","925,000","858,750"
"Marko Dano","WPG","925,000","925,000"
"Marcus Sorensen","SJS","925,000","925,000"
"Nick Schmaltz","CHI","925,000","925,000"
"Sam Bennett","CGY","925,000","925,000"
"Anthony Beauvillier","NYI","925,000","894,166"
"Robby Fabbri","STL","925,000","894,166"
"Nikolay Goldobin","VAN","925,000","863,333"
"Michael Matheson","FLA","925,000","925,000"
"Drake Caggiula","EDM","925,000","925,000"
"Jakob Chychrun","ARI","925,000","925,000"
"Patrik Laine","WPG","925,000","925,000"
"Andrei Vasilevskiy","TBL","925,000","925,000"
"Sam Reinhart","BUF","925,000","894,166"
"William Nylander","TOR","925,000","894,166"
"Steven Santini","NJD","925,000","925,000"
"Pavel Zacha","NJD","925,000","894,166"
"Lawson Crouse","ARI","925,000","894,166"
"Brady Skjei","NYR","925,000","925,000"
"Mikko Rantanen","COL","925,000","894,166"
"Nikita Tryamkin","VAN","925,000","925,000"
"Auston Matthews","TOR","925,000","925,000"
"Julius Honka","DAL","925,000","863,333"
"Sebastian Aho","CAR","925,000","925,000"
"Matt Benning","EDM","925,000","925,000"
"Jimmy Vesey","NYR","925,000","925,000"
"Adam Pelech","NYI","925,000","854,333"
"Connor McDavid","EDM","925,000","925,000"
"Shayne Gostisbehere","PHI","925,000","925,000"
"Calvin Pickard","COL","925,000","1,000,000"
"Timo Meier","SJS","925,000","894,166"
"Nikita Zaitsev","TOR","925,000","925,000"
"Roman Lyubimov","PHI","925,000","925,000"
"Anton Slepyshev","EDM","925,000","925,000"
"Dylan Larkin","DET","925,000","925,000"
"Jacob de La Rose","MTL","925,000","925,000"
"David Pastrnak","BOS","925,000","925,000"
"Andrew Copp","WPG","925,000","925,000"
"Joonas Donskoi","SJS","925,000","925,000"
"Matthew Tkachuk","CGY","925,000","925,000"
"Jamie Oleksiak","DAL","918,750","918,750"
"Colin Miller","BOS","900,000","1,000,000"
"Zach Hyman","TOR","900,000","900,000"
"Matt Puempel","NYR","900,000","900,000"
"Jyrki Jokipakka","OTT","900,000","900,000"
"Clayton Keller","ARI","900,000","916,667"
"Patrik Nemeth","DAL","900,000","900,000"
"Micheal Ferland","CGY","900,000","825,000"
"Riley Nash","BOS","900,000","900,000"
"Joel Edmundson","STL","900,000","1,050,000"
"Jeff Zatkoff","LAK","900,000","900,000"
"Jared Boll","ANA","900,000","900,000"
"Chris Kelly","OTT","900,000","900,000"
"Ryan Garbutt","DAL","900,000","900,000"
"Dominic Moore","BOS","900,000","900,000"
"Scottie Upshall","STL","900,000","900,000"
"Paul Postma","WPG","887,500","887,500"
"Richard Panik","CHI","875,000","875,000"
"Brett Ritchie","DAL","875,000","875,000"
"Phillip Danault","MTL","875,000","912,500"
"Nate Schmidt","WSH","875,000","812,500"
"Joel Armia","WPG","875,000","925,000"
"Brandon Tanev","WPG","874,125","874,125"
"Devin Shore","DAL","867,500","870,000"
"Christian Folin","MIN","850,000","725,000"
"Ben Chiarot","WPG","850,000","850,000"
"Markus Granlund","VAN","850,000","900,000"
"Philipp Grubauer","WSH","850,000","750,000"
"Brett Connolly","WSH","850,000","850,000"
"Pontus Aberg","NSH","842,500","780,833"
"Austin Czarnik","BOS","842,500","817,500"
"Nick Cousins","PHI","840,000","840,000"
"Rob Scuderi","PIT","833,333","1,125,000"
"Brad Boyes","FLA","833,333","833,333"
"Rob Scuderi","CHI","833,333","1,125,000"
"Chris Higgins","VAN","833,333","833,333"
"Bo Horvat","VAN","832,500","894,166"
"Josh Morrissey","WPG","832,500","863,333"
"Teuvo Teravainen","CAR","832,500","894,166"
"Darnell Nurse","EDM","832,500","863,333"
"Radek Faksa","DAL","832,500","863,333"
"Jujhar Khaira","EDM","832,500","875,000"
"Anthony Mantha","DET","832,500","863,333"
"Shea Theodore","ANA","832,500","863,333"
"Andre Burakovsky","WSH","832,500","894,166"
"Max Domi","ARI","832,500","863,333"
"Nikita Zadorov","COL","832,500","894,166"
"Ryan Hartman","CHI","832,500","863,333"
"Jonathan Drouin","TBL","832,500","894,166"
"Curtis Lazar","CGY","832,500","894,166"
"Josh Manson","ANA","825,000","825,000"
"Esa Lindell","DAL","802,500","745,833"
"Patrick Wiercioch","COL","800,000","800,000"
"Tom Pyatt","OTT","800,000","800,000"
"Curtis McElhinney","TOR","800,000","800,000"
"Steve Ott","MTL","800,000","800,000"
"Cedric Paquette","TBL","800,000","812,500"
"Roberto Luongo","VAN","800,000","800,000"
"Brian Dumoulin","PIT","800,000","800,000"
"Mark Barberio","COL","800,000","750,000"
"Joseph Morrow","BOS","800,000","800,000"
"Andrew Desjardins","CHI","800,000","800,000"
"Brock McGinn","CAR","800,000","811,666"
"Cody McLeod","NSH","800,000","800,000"
"Chris Wideman","OTT","800,000","800,000"
"Alex Chiasson","CGY","800,000","800,000"
"Shane Prince","NYI","800,000","850,000"
"Cody Goloubef","COL","800,000","750,000"
"Markus Nutivaara","CBJ","792,500","817,500"
"Mattias Janmark","DAL","792,500","733,750"
"Frank Vatrano","BOS","792,500","792,500"
"Brett Pesce","CAR","792,500","809,166"
"Joonas Korpisalo","CBJ","792,500","742,500"
"Christian Dvorak","ARI","792,500","839,166"
"Nicolas Deslauriers","BUF","775,000","775,000"
"Taylor Chorney","WSH","775,000","800,000"
"Gustav Forsling","CHI","767,500","872,500"
"Jordin Tootoo","CHI","750,000","750,000"
"Nic Petan","WPG","750,000","758,333"
"Jon Marchessault","FLA","750,000","750,000"
"Greg Pateryn","DAL","750,000","800,000"
"Ryan Murphy","CAR","750,000","787,500"
"Keith Kinkaid","NJD","750,000","725,000"
"Trevor van Riemsdyk","CHI","750,000","825,000"
"Ryan Dzingel","OTT","750,000","750,000"
"Klas Dahlbeck","CAR","750,000","750,000"
"Jaccob Slavin","CAR","742,500","742,500"
"Spencer Martin","COL","742,500","728,333"
"Nikita Soshnikov","TOR","742,500","736,666"
"Ivan Barbashev","STL","742,500","741,666"
"Tommy Wingels","SJS","742,500","742,500"
"Matthew Nieto","COL","735,000","735,000"
"Beau Bennett","NJD","725,000","725,000"
"Iiro Pakarinen","EDM","725,000","725,000"
"Pierre-Edouard Bellemare","PHI","725,000","712,500"
"Chris Vande Velde","PHI","725,000","712,500"
"Nikita Nesterov","MTL","725,000","725,000"
"Tyler Pitlick","EDM","725,000","725,000"
"Daniel Carr","MTL","725,000","725,000"
"Joseph Cramarossa","ANA","724,500","724,500"
"Garnet Hathaway","CGY","722,500","690,000"
"Brandon Carlo","BOS","717,500","789,166"
"Xavier Ouellet","DET","715,000","715,000"
"Reid Boucher","VAN","715,000","715,000"
"Curtis McKenzie","DAL","700,000","675,000"
"Fredrik Claesson","OTT","700,000","700,000"
"Joakim Ryan","SJS","700,000","680,000"
"Chris Tierney","SJS","700,000","711,666"
"Magnus Paajarvi","STL","700,000","700,000"
"David Desharnais","MTL","700,000","700,000"
"Korbinian Holzer","ANA","700,000","700,000"
"Jack Skille","VAN","700,000","700,000"
"Cal O'Reilly","BUF","700,000","700,000"
"Luke Gazdic","NJD","700,000","700,000"
"Alex Biega","VAN","700,000","750,000"
"Oscar Lindberg","NYR","700,000","650,000"
"Josh Anderson","CBJ","700,000","678,333"
"Greg McKegg","TBL","700,000","700,000"
"Michal Kempny","CHI","700,000","700,000"
"Peter Cehlarik","BOS","692,500","742,500"
"Connor Hellebuyck","WPG","692,500","667,500"
"Tim Gleason","TOR","683,333","683,333"
"Brett Kulak","CGY","680,000","656,666"
"Jean-Francois Berube","NYI","675,000","675,000"
"Luke Glendening","DET","675,000","628,333"
"Ben Smith","TOR","675,000","675,000"
"Matt Tennyson","CAR","675,000","675,000"
"Juuse Saros","NSH","667,500","692,500"
"Brayden Point","TBL","667,500","661,666"
"Conor Sheary","PIT","667,500","667,500"
"Vinnie Hinostroza","CHI","667,500","717,500"
"Jake Guentzel","PIT","667,500","734,166"
"Kevin Gravel","LAK","667,500","667,500"
"Artturi Lehkonen","MTL","667,500","839,166"
"Tanner Kero","CHI","667,500","667,500"
"Viktor Stalberg","NSH","666,666","666,666"
"Barret Jackman","NSH","666,666","666,666"
"Logan Shaw","ANA","660,000","660,000"
"William Carrier","BUF","652,500","680,833"
"Sven Andrighetto","COL","650,000","650,000"
"Stephen Johns","DAL","650,000","725,000"
"Ty Rattie","CAR","650,000","650,000"
"Laurent Brossoit","EDM","650,000","750,000"
"Sam Gagner","CBJ","650,000","650,000"
"Derek Forbort","LAK","650,000","650,000"
"Connor Carrick","TOR","650,000","750,000"
"Jordan Schroeder","MIN","650,000","650,000"
"Rene Bourque","COL","650,000","650,000"
"Connor Brown","TOR","650,000","686,666"
"Justin Falk","BUF","650,000","650,000"
"Nate Prosser","MIN","650,000","625,000"
"Ondrej Kase","ANA","645,000","646,666"
"Andreas Martinsen","MTL","640,000","640,000"
"Viktor Arvidsson","NSH","640,000","631,666"
"Scott Harrington","CBJ","632,500","632,500"
"Nic Dowd","LAK","630,000","640,000"
"Jordan Martinook","ARI","625,000","612,500"
"Micheal Haley","SJS","625,000","625,000"
"Kenny Agostino","STL","625,000","625,000"
"Bryan Rust","PIT","620,000","640,000"
"Adam Burish","SJS","616,666","616,666"
"Jake Dotchin","TBL","615,000","616,666"
"Julian Melchiori","WPG","600,000","625,000"
"Damon Severson","NJD","600,000","605,833"
"Adam Clendening","NYR","600,000","600,000"
"Ryan Carpenter","SJS","600,000","600,000"
"Scott Darling","CHI","600,000","587,500"
"Jayson Megna","VAN","600,000","600,000"
"Michal Rozsival","CHI","600,000","600,000"
"Andy Andreoff","LAK","600,000","587,500"
"Nick Jensen","DET","600,000","587,500"
"Brad Hunt","NSH","600,000","600,000"
"Taylor Fedun","BUF","600,000","600,000"
"Derek Ryan","CAR","600,000","600,000"
"Seth Helgeson","NJD","600,000","587,500"
"Lukas Sedlak","CBJ","600,000","600,000"
"Shawn Thornton","FLA","600,000","600,000"
"Adam Cracknell","DAL","600,000","600,000"
"Tim Schaller","BOS","600,000","600,000"
"Drew Shore","VAN","600,000","600,000"
"Dylan DeMelo","SJS","600,000","650,000"
"Michael Chaput","VAN","600,000","600,000"
"Nick Shore","LAK","600,000","600,000"
"Ryan Sproul","DET","600,000","625,000"
"Josh Jooris","ARI","600,000","600,000"
"Tyler Graovac","MIN","600,000","625,000"
"Peter Budaj","TBL","600,000","600,000"
"Michael Sgarbossa","FLA","600,000","600,000"
"Stefan Noesen","NJD","600,000","600,000"
"Scott Wilson","PIT","590,000","625,000"
"Tom Kuhnhackl","PIT","590,000","625,000"
"Michael Bournival","TBL","575,000","575,000"
"Marc Savard","NJD","575,000","4,027,143"
"Luke Witkowski","TBL","575,000","575,000"
"Matt Bartkowski","CGY","575,000","612,500"
"Jared Coreau","DET","575,000","612,500"
"Yannick Weber","NSH","575,000","575,000"
"Scott Mayfield","NYI","575,000","625,000"
"Harry Zolnierczyk","NSH","575,000","575,000"
"Alan Quine","NYI","575,000","612,500"
"Dennis Rasmussen","CHI","575,000","575,000"
"Miikka Salomaki","NSH","575,000","612,500"
"Paul Thompson","FLA","575,000","575,000"
"Mike Condon","OTT","575,000","575,000"
"Anthony Bitetto","NSH","575,000","612,500"
"Aaron Dell","SJS","575,000","625,000"
"Gabriel Dumont","TBL","575,000","575,000"
"Freddie Hamilton","CGY","575,000","612,500"
"Matthew Murray","PIT","575,000","620,000"
"Stephen Gionta","NYI","575,000","575,000"
"Devin Setoguchi","LAK","575,000","575,000"
"Matt Irwin","NSH","575,000","575,000"
"Josh Leivo","TOR","575,000","612,500"
"Andreas Athanasiou","DET","575,000","628,333"
"Austin Watson","NSH","575,000","575,000"
"Chad Ruhwedel","PIT","575,000","575,000"
"Petter Granberg","NSH","575,000","612,500"
"Carter Rowney","PIT","575,000","612,500"
"Colton Sissons","NSH","575,000","625,000"
"Jared Boll","CBJ","566,666","566,666"
"Cody Hodgson","BUF","541,666","541,666"
"Erik Nystrom","NSH","500,000","500,000"
"Lauri Korpikoski","EDM","500,000","500,000"
"Patrick Maroon","ANA","500,000","500,000"
"Jannik Hansen","VAN","500,000","500,000"
"Cody McLeod","COL","450,000","533,333"
"Jakub Kindl","DET","360,000","360,000"
"Rich Clune","NSH","283,333","283,333"
"Tom Gilbert","LAK","280,000","280,000"
"Ilya Kovalchuk","NJD","250,000","250,000"
"Mark Streit","PHI","246,750","246,750"
"Mark Fistric","ANA","216,666","216,666"
"Dylan McIlrath","FLA","",""
